{"cameraMode":{"drawMode":0,"name":"Shaded","section":"Shading Mode"},"sceneLighting":true,"audioPlay":false,"sceneViewState":{"showFog":true,"showMaterialUpdate":false,"showSkybox":true,"showFlares":true,"showImageEffects":true,"showParticleSystems":true},"in2DMode":false,"pivot":{"x":621.478759765625,"y":407.57794189453127,"z":561.2855224609375},"rotation":{"x":0.06468001753091812,"y":0.05086566507816315,"z":-0.003302058670669794,"w":0.9966062307357788},"size":1348.265380859375,"orthographic":false}