{"cameraMode":{"drawMode":0,"name":"Shaded","section":"Shading Mode"},"sceneLighting":true,"audioPlay":false,"sceneViewState":{"showFog":true,"showMaterialUpdate":false,"showSkybox":false,"showFlares":true,"showImageEffects":true,"showParticleSystems":true},"in2DMode":false,"pivot":{"x":-33.77043151855469,"y":12.392416000366211,"z":19.28212547302246},"rotation":{"x":0.012188379652798176,"y":0.9231827855110169,"z":-0.029375705868005754,"w":0.3830460011959076},"size":34.9864387512207,"orthographic":false}