{"cameraMode":{"drawMode":0,"name":"Shaded","section":"Shading Mode"},"sceneLighting":false,"audioPlay":false,"sceneViewState":{"showFog":true,"showMaterialUpdate":false,"showSkybox":false,"showFlares":true,"showImageEffects":true,"showParticleSystems":true},"in2DMode":false,"pivot":{"x":-50.57255172729492,"y":5.578409671783447,"z":1.3318758010864258},"rotation":{"x":0.33651748299598696,"y":0.38841262459754946,"z":-0.15490283071994782,"w":0.8437477350234985},"size":3.2293319702148439,"orthographic":false}