{"cameraMode":{"drawMode":0,"name":"Shaded","section":"Shading Mode"},"sceneLighting":false,"audioPlay":false,"sceneViewState":{"showFog":true,"showMaterialUpdate":false,"showSkybox":false,"showFlares":true,"showImageEffects":true,"showParticleSystems":true},"in2DMode":false,"pivot":{"x":27.053539276123048,"y":2.6247191429138185,"z":1.6467094421386719},"rotation":{"x":-0.13861969113349915,"y":0.7136186361312866,"z":-0.14748278260231019,"w":-0.6706697940826416},"size":9.47852897644043,"orthographic":false}