{"cameraMode":{"drawMode":0,"name":"Shaded","section":"Shading Mode"},"sceneLighting":true,"audioPlay":false,"sceneViewState":{"showFog":true,"showMaterialUpdate":false,"showSkybox":false,"showFlares":true,"showImageEffects":true,"showParticleSystems":true},"in2DMode":false,"pivot":{"x":-22.913190841674806,"y":4.384876251220703,"z":30.887834548950197},"rotation":{"x":0.012188379652798176,"y":0.9231827855110169,"z":-0.029375705868005754,"w":0.3830460011959076},"size":20.630239486694337,"orthographic":false}